{"cameraMode":{"drawMode":0,"name":"Shaded","section":"Shading Mode"},"sceneLighting":true,"audioPlay":false,"sceneViewState":{"showFog":true,"showMaterialUpdate":false,"showSkybox":true,"showFlares":true,"showImageEffects":true,"showParticleSystems":true},"in2DMode":false,"pivot":{"x":67.9483871459961,"y":1.6310806274414063,"z":38.94032287597656},"rotation":{"x":-0.025003504008054735,"y":-0.9748757481575012,"z":0.1641448736190796,"w":-0.14854373037815095},"size":2.2971439361572267,"orthographic":false}