{"cameraMode":{"drawMode":0,"name":"Shaded","section":"Shading Mode"},"sceneLighting":true,"audioPlay":false,"sceneViewState":{"showFog":true,"showMaterialUpdate":false,"showSkybox":true,"showFlares":true,"showImageEffects":true,"showParticleSystems":true},"in2DMode":false,"pivot":{"x":51.5255126953125,"y":0.05724787712097168,"z":48.18964385986328},"rotation":{"x":0.08064181357622147,"y":-0.9178155064582825,"z":0.2454451471567154,"w":0.3015289008617401},"size":2.119533061981201,"orthographic":false}