{"cameraMode":{"drawMode":0,"name":"Shaded","section":"Shading Mode"},"sceneLighting":true,"audioPlay":false,"sceneViewState":{"showFog":true,"showMaterialUpdate":false,"showSkybox":true,"showFlares":true,"showImageEffects":true,"showParticleSystems":true},"in2DMode":false,"pivot":{"x":48.70149612426758,"y":0.7841130495071411,"z":51.16964340209961},"rotation":{"x":0.021848028525710107,"y":-0.976477861404419,"z":0.1780008226633072,"w":0.11983022093772888},"size":1.1789909601211548,"orthographic":false}